<?xml version="1.0" encoding="UTF-8" ?>

<!DOCTYPE mapper
  PUBLIC "-//mybatis.org//DTD Mapper 3.0//EN"
  "http://mybatis.org/dtd/mybatis-3-mapper.dtd">

<mapper namespace="es.deusto.mybatis.example.PedidoMapper">
	
	<select	id="getPedido" parameterType="int" resultType="Pedido">
		SELECT * FROM PEDIDOS WHERE IDPEDIDO=#{id}
	</select>
	
	<select	id="getPedidos" resultType="Pedido">
		SELECT * FROM PEDIDOS
	</select>
	
	<select	id="getPedidosByEstado" parameterType="boolean" resultType="Pedido">
		SELECT * FROM PEDIDOS WHERE ENTREGADO=#{entregado}
	</select>	
	
	<select	id="getPedidosByCliente" parameterType="java.lang.String" resultType="Pedido">
		SELECT * FROM PEDIDOS WHERE DNI=#{dni}
	</select>
	
	<select	id="getPedidosByClienteAndEstado" parameterType="ClienteEstado" resultType="Pedido">
		SELECT * FROM PEDIDOS WHERE DNI=#{dni} AND ENTREGADO=#{entregado}
	</select>
	
	<update id="updatePedido" parameterType="Pedido">
		UPDATE PEDIDOS SET RESTAURANTE=#{restaurante}, FECHA=#{fecha}, ENTREGADO=#{entregado}, TIPOENTREGA=#{tipoEntrega},
		TIPOPAGO=#{tipoPago}, PROMOCION=#{promocion}, DNI=#{dni}
		WHERE IDPEDIDO=#{idPedido}
	</update>
	
	<update id="setPedidoEntregado" parameterType="Pedido">
		UPDATE PEDIDOS SET ENTREGADO=#{entregado}
		WHERE IDPEDIDO=#{idPedido}
	</update>
	
</mapper>